timestamp,stage,question_index,question_text,start_time,end_time,duration_seconds,cpu_before,cpu_peak,memory_used_mb,has_error,error_types,severity,rounds,alignments,corrections,rollback_enabled,final_response,answer
2026-07-15_13-29-05,双模型交替_干扰,1,Xiao Ming has 3 apples. Xiao Hua wore a red short and gave 1 apple to Xiao Ming....,2026-07-15 13:28:07,2026-07-15 13:29:05,58.1443,0.0,,2482.35,True,静默跳跃-无害型,low,1,[0.988],0,True,"To determine how many apples Xiao Ming has now, we can follow these steps:

1. **Initial number of apples:** 
   - Xiao Ming starts with 3 apples.

2. **Apples given to Xiao Ming:**
   - Xiao Hua give...",4
2026-07-15_13-29-53,双模型交替_干扰,2,Xiao Ming has 3 apples. Xiao Hua wore a red short and gave 1 apple to Xiao Ming....,2026-07-15 13:29:05,2026-07-15 13:29:53,48.4179,465.7,,2482.92,True,静默跳跃-无害型,low,1,[0.988],0,True,"To determine how many apples Xiao Ming has now, let's follow the steps outlined in the reference solution and verify each one:

1. **Initial Setup:**
   - Xiao Ming starts with 3 apples.
   - Xiao Hon...",4
2026-07-15_13-31-50,双模型交替_干扰,3,Xiao Ming has 3 apples. Xiao Hua wore a red short and gave 1 apple to Xiao Ming....,2026-07-15 13:29:53,2026-07-15 13:31:50,116.1969,467.7,,2482.25,True,静默跳跃-无害型,low,3,"[0.961, 0.988, 0.973]",0,True,"Sure, let's break it down step by step:

1. **Initial Number of Apples**: Xiao Ming starts with 3 apples.
2. **Apples Given to Xiao Ming**: Xiao Hua gives 1 apple to Xiao Ming.
   - So, Xiao Ming now ...",4
2026-07-15_13-32-33,双模型交替_干扰,4,Xiao Ming has 3 apples. Xiao Hua wore a red short and gave 1 apple to Xiao Ming....,2026-07-15 13:31:50,2026-07-15 13:32:33,43.3658,463.9,,2483.94,True,静默跳跃-无害型,low,1,[0.973],0,True,"To determine how many apples Xiao Ming has now, let's follow the sequence of events described in the reference solution:

1. **Initial number of apples:**
   - Xiao Ming starts with 3 apples.

2. **Ap...",4
2026-07-15_13-33-01,双模型交替_干扰,5,Xiao Ming has 3 apples. Xiao Hua wore a red short and gave 1 apple to Xiao Ming....,2026-07-15 13:32:33,2026-07-15 13:33:01,28.1647,466.9,,2480.69,True,静默跳跃-无害型,low,1,[0.984],0,True,"Sure, let's go through the problem systematically:

1. **Initial number of apples:**
   - Xiao Ming starts with 3 apples.

2. **Apples given by Xiao Hua:**
   - Xiao Hua gives 1 apple to Xiao Ming.
  ...",4
2026-07-15_13-33-39,双模型交替_干扰,6,Xiao Ming has 3 apples. Xiao Hua wore a red short and gave 1 apple to Xiao Ming....,2026-07-15 13:33:01,2026-07-15 13:33:39,37.3259,619.8,,2481.77,True,静默跳跃-无害型,low,1,[0.992],0,True,"Certainly! Let's go through the problem step by step using the reference solution method:

1. **Initial number of apples:** 
   - Xiao Ming starts with 3 apples.

2. **Apples given to Xiao Ming:**
   ...",4
2026-07-15_13-34-37,双模型交替_干扰,7,Xiao Ming has 3 apples. Xiao Hua wore a red short and gave 1 apple to Xiao Ming....,2026-07-15 13:33:39,2026-07-15 13:34:37,58.3444,467.7,,2484.41,True,静默跳跃-无害型,low,1,[0.996],0,True,"To determine how many apples Xiao Ming has now, let's follow the sequence of events and calculations step-by-step:

1. **Initial number of apples**: Xiao Ming starts with 3 apples.
   
2. **Apples giv...",4
2026-07-15_13-35-27,双模型交替_干扰,8,Xiao Ming has 3 apples. Xiao Hua wore a red short and gave 1 apple to Xiao Ming....,2026-07-15 13:34:37,2026-07-15 13:35:27,50.3094,464.9,,2484.28,True,静默跳跃-无害型,low,1,[1.008],0,True,"To determine how many apples Xiao Ming has now, we will follow these steps:

1. **Initial Number of Apples:**
   - Xiao Ming starts with 3 apples.

2. **Apples Given to Xiao Hua:**
   - Xiao Hua gives...",4
2026-07-15_13-36-17,双模型交替_干扰,9,Xiao Ming has 3 apples. Xiao Hua wore a red short and gave 1 apple to Xiao Ming....,2026-07-15 13:35:27,2026-07-15 13:36:17,50.0483,464.3,,2484.77,True,静默跳跃-无害型,low,1,[0.984],0,True,"To determine how many apples Xiao Ming has now, we can follow these steps:

1. **Initial number of apples**: Xiao Ming starts with 3 apples.
   
2. **Apples given to Xiao Hua**: Xiao Hua gives 1 apple...",4
2026-07-15_13-37-21,双模型交替_干扰,10,Xiao Ming has 3 apples. Xiao Hua wore a red short and gave 1 apple to Xiao Ming....,2026-07-15 13:36:18,2026-07-15 13:37:21,63.8811,464.4,,2491.38,True,静默跳跃-无害型,low,1,[0.957],0,True,"Sure! Let's summarize the steps again:

1. **Initial number of apples:** Xiao Ming starts with 3 apples.
2. **Apples given by Xiao Hua:** Xiao Hua gives 1 apple to Xiao Ming.
   - New number of apples...",4
2026-07-15_13-38-06,双模型交替_干扰,11,Xiao Ming has 3 apples. Xiao Hua wore a red short and gave 1 apple to Xiao Ming....,2026-07-15 13:37:21,2026-07-15 13:38:06,44.7027,617.7,,2490.57,True,静默跳跃-无害型,low,1,[0.957],0,True,"Certainly! Let's break down the problem again to ensure we understand it correctly and then solve it systematically.

### Initial Setup:
- Xiao Ming starts with 3 apples.

### Apples Given to Xiao Hua...",4
2026-07-15_13-38-48,双模型交替_干扰,12,Xiao Ming has 3 apples. Xiao Hua wore a red short and gave 1 apple to Xiao Ming....,2026-07-15 13:38:06,2026-07-15 13:38:48,41.2877,468.2,,2487.56,True,静默跳跃-无害型,low,1,[0.98],0,True,"Let's break down the problem in detail to ensure we understand each step clearly:

1. **Initial Count:** Xiao Ming starts with 3 apples.

2. **Apples Given by Xiao Hua:** 
   - Xiao Hua gives 1 apple ...",4
2026-07-15_13-39-33,双模型交替_干扰,13,Xiao Ming has 3 apples. Xiao Hua wore a red short and gave 1 apple to Xiao Ming....,2026-07-15 13:38:48,2026-07-15 13:39:33,45.6278,587.9,,2490.73,True,静默跳跃-无害型,low,1,[0.996],0,True,"Certainly! Let's break down the problem step-by-step using the reference approach provided:

1. **Initial number of apples:**
   - Xiao Ming starts with 3 apples.

2. **Apples given to Xiao Hua:**
   ...",4
2026-07-15_13-40-20,双模型交替_干扰,14,Xiao Ming has 3 apples. Xiao Hua wore a red short and gave 1 apple to Xiao Ming....,2026-07-15 13:39:33,2026-07-15 13:40:20,46.4441,464.6,,2489.94,False,,none,1,[1.0],0,True,"Sure, I'll walk through it step-by-step using the reference approach:

1. **Initial number of apples:**
   - Xiao Ming starts with 3 apples.

2. **Apples given to Xiao Hong:**
   - Xiao Hong receives ...",4
2026-07-15_13-41-18,双模型交替_干扰,15,Xiao Ming has 3 apples. Xiao Hua wore a red short and gave 1 apple to Xiao Ming....,2026-07-15 13:40:20,2026-07-15 13:41:18,58.3411,464.5,,2483.77,True,静默跳跃-无害型,low,1,[0.996],0,True,"Sure, let's break it down again using the reference method:

1. **Initial number of apples:**
   - Xiao Ming starts with 3 apples.
   - Xiao Hong starts with 5 apples.
   - Total initial number of app...",4
2026-07-15_13-42-09,双模型交替_干扰,16,Xiao Ming has 3 apples. Xiao Hua wore a red short and gave 1 apple to Xiao Ming....,2026-07-15 13:41:18,2026-07-15 13:42:09,50.5197,463.9,,2480.3,True,静默跳跃-无害型,low,1,[0.973],0,True,"To determine how many apples Xiao Ming has now, we'll follow these steps:

1. **Initial number of apples**: Xiao Ming starts with 3 apples.
   
2. **Apples given by Xiao Hua**: 
   - Xiao Hua gives 1 ...",4
2026-07-15_13-42-42,双模型交替_干扰,17,Xiao Ming has 3 apples. Xiao Hua wore a red short and gave 1 apple to Xiao Ming....,2026-07-15 13:42:09,2026-07-15 13:42:42,33.0952,622.0,,2480.79,True,静默跳跃-无害型,low,1,[0.977],0,True,"Let's summarize the steps taken:

1. **Initial number of apples:** Xiao Ming starts with 3 apples.
   
2. **Apples given by Xiao Hua:** Xiao Hua gives 1 apple to Xiao Ming.
   - New number of apples X...",4
2026-07-15_13-43-56,双模型交替_干扰,18,Xiao Ming has 3 apples. Xiao Hua wore a red short and gave 1 apple to Xiao Ming....,2026-07-15 13:42:42,2026-07-15 13:43:56,73.9996,468.1,,2484.23,True,静默跳跃-无害型,low,1,[1.0],0,True,"Sure! Let's go through the solution step-by-step using the reference approach:

1. **Initial number of apples:**
   - Xiao Ming starts with 3 apples.
   \[
   \text{Initial apples} = 3
   \]

2. **Num...",4
2026-07-15_13-44-44,双模型交替_干扰,19,Xiao Ming has 3 apples. Xiao Hua wore a red short and gave 1 apple to Xiao Ming....,2026-07-15 13:43:56,2026-07-15 13:44:44,47.9891,467.5,,2483.46,True,静默跳跃-无害型,low,1,[0.992],0,True,"Certainly! Here is the step-by-step solution using the reference approach:

1. **Initial number of apples:** 
   - Xiao Ming starts with 3 apples.

2. **Apples given to Xiao Hua:**
   - Xiao Hua gives...",4
2026-07-15_13-45-38,双模型交替_干扰,20,Xiao Ming has 3 apples. Xiao Hua wore a red short and gave 1 apple to Xiao Ming....,2026-07-15 13:44:44,2026-07-15 13:45:38,53.6006,466.6,,2483.96,True,静默跳跃-无害型,low,1,[0.965],0,True,"Certainly! Let's go through the solution step-by-step based on the information provided in the reference reasoning.

### Initial Setup
- Xiao Ming starts with 3 apples.

### Apples Given by Xiao Hua
-...",4
