timestamp,stage,question_index,question_text,start_time,end_time,duration_seconds,cpu_before,cpu_peak,memory_used_mb,has_error,error_types,severity,rounds,alignments,corrections,final_response,answer
2026-07-14_14-30-09,双模型交替执行,1,Xiao Ming has 3 apples. Xiao Hong has 2 more apples than Xiao Ming. Xiao Hua has...,2026-07-14 14:29:17,2026-07-14 14:30:09,51.264,0.0,,2474.78,False,,none,1,[0.996],0,"Let's break down the problem again with a clear understanding of the relationships between the number of apples each person has:

1. **Initial Condition:**
   - Xiao Ming starts with 3 apples.

2. **A...",4
2026-07-14_14-31-00,双模型交替执行,2,Xiao Ming has 3 apples. Xiao Hong has 2 more apples than Xiao Ming. Xiao Hua has...,2026-07-14 14:30:09,2026-07-14 14:31:00,51.465,465.7,,2475.87,False,,none,1,[0.957],0,"Sure! Let's break it down step-by-step using logical reasoning and basic arithmetic:

1. **Initial number of apples**: Xiao Ming starts with 3 apples.
   
2. **Apples Xiao Hong has**: Xiao Hong has 2 ...",4
2026-07-14_14-31-48,双模型交替执行,3,Xiao Ming has 3 apples. Xiao Hong has 2 more apples than Xiao Ming. Xiao Hua has...,2026-07-14 14:31:00,2026-07-14 14:31:48,47.9915,465.2,,2475.34,False,,none,1,[0.996],0,"To determine how many apples Xiao Ming has after receiving one from Xiao Hua, we can follow these steps:

1. **Initial Apples Calculation**:
   - Xiao Ming starts with 3 apples.
   - Xiao Hong has 2 m...",4
2026-07-14_14-32-39,双模型交替执行,4,Xiao Ming has 3 apples. Xiao Hong has 2 more apples than Xiao Ming. Xiao Hua has...,2026-07-14 14:31:48,2026-07-14 14:32:39,50.41,465.0,,2475.94,False,,none,1,[1.0],0,"Sure, here is the step-by-step breakdown based on the reference solution:

1. **Initial number of apples:**
   - Xiao Ming starts with 3 apples.

2. **Number of apples Xiao Hong has:**
   - Xiao Hong ...",4
2026-07-14_14-35-32,双模型交替执行,5,Xiao Ming has 3 apples. Xiao Hong has 2 more apples than Xiao Ming. Xiao Hua has...,2026-07-14 14:32:39,2026-07-14 14:35:32,173.7212,622.2,,2473.8,False,,none,3,"[0.992, 0.996, 0.988]",0,"To determine how many apples Xiao Ming has after giving 1 apple to Xiao Hong, we can follow these steps:

1. **Initial number of apples**:
   - Xiao Ming starts with 3 apples.
   - Xiao Hong has 2 mor...",4
2026-07-14_14-36-14,双模型交替执行,6,Xiao Ming has 3 apples. Xiao Hong has 2 more apples than Xiao Ming. Xiao Hua has...,2026-07-14 14:35:32,2026-07-14 14:36:14,41.7405,467.2,,2474.12,True,静默跳跃-无害型,low,1,[0.988],0,"Certainly! Let's break down the process step-by-step:

1. **Initial number of apples:**
   - Xiao Ming starts with 3 apples.

2. **Apples given to Xiao Hong:**
   - Xiao Hong has 2 more apples than Xi...",4
2026-07-14_14-37-04,双模型交替执行,7,Xiao Ming has 3 apples. Xiao Hong has 2 more apples than Xiao Ming. Xiao Hua has...,2026-07-14 14:36:14,2026-07-14 14:37:04,49.4557,464.2,,2476.54,False,,none,1,[0.965],0,"Let's break down the problem and solve it step-by-step using Python code for accuracy.

### Problem Breakdown

1. **Initial Number of Apples**: Xiao Ming starts with 3 apples.
2. **Number of Apples Xi...",4
2026-07-14_14-37-43,双模型交替执行,8,Xiao Ming has 3 apples. Xiao Hong has 2 more apples than Xiao Ming. Xiao Hua has...,2026-07-14 14:37:04,2026-07-14 14:37:43,39.5372,464.3,,2472.83,False,,none,1,[0.996],0,"Certainly! Here’s the step-by-step reasoning for solving the problem using the reference approach:

1. **Initial number of apples:**
   - Xiao Ming has 3 apples.
   - Xiao Hong has 2 more apples than ...",4
2026-07-14_14-38-27,双模型交替执行,9,Xiao Ming has 3 apples. Xiao Hong has 2 more apples than Xiao Ming. Xiao Hua has...,2026-07-14 14:37:43,2026-07-14 14:38:27,43.4211,466.0,,2476.56,False,,none,1,[0.961],0,"To determine how many apples Xiao Ming has after receiving one from Xiao Hua, we need to follow these steps:

1. Identify the initial number of apples Xiao Ming has.
   - Xiao Ming starts with 3 apple...",4
2026-07-14_14-39-09,双模型交替执行,10,Xiao Ming has 3 apples. Xiao Hong has 2 more apples than Xiao Ming. Xiao Hua has...,2026-07-14 14:38:27,2026-07-14 14:39:09,42.3827,464.7,,2473.52,False,,none,1,[0.996],0,"Certainly! Here’s how we can break down the problem and solve it step-by-step:

1. **Initial number of apples:** 
   - Xiao Ming has 3 apples.

2. **Apples for Xiao Hong:**
   - Xiao Hong has 2 more a...",4
2026-07-14_14-39-55,双模型交替执行,11,Xiao Ming has 3 apples. Xiao Hong has 2 more apples than Xiao Ming. Xiao Hua has...,2026-07-14 14:39:09,2026-07-14 14:39:55,46.0001,467.4,,2476.46,False,,none,1,[0.988],0,"Sure, let's break down the process step-by-step:

1. **Initial number of apples:**
   - Xiao Ming starts with 3 apples.

2. **Number of apples Xiao Hong has:**
   - Xiao Hong has 2 more apples than Xi...",4
2026-07-14_14-40-47,双模型交替执行,12,Xiao Ming has 3 apples. Xiao Hong has 2 more apples than Xiao Ming. Xiao Hua has...,2026-07-14 14:39:55,2026-07-14 14:40:47,51.4786,467.6,,2476.06,False,,none,1,[0.977],0,"Certainly! Let's break down the solution using the reference method and then verify it step-by-step.

### Step-by-Step Solution

1. **Initial Counts:**
   - Xiao Ming has 3 apples.
   - Xiao Hong has ...",4
2026-07-14_14-41-31,双模型交替执行,13,Xiao Ming has 3 apples. Xiao Hong has 2 more apples than Xiao Ming. Xiao Hua has...,2026-07-14 14:40:47,2026-07-14 14:41:31,43.6699,467.2,,2476.5,False,,none,1,[1.0],0,"Sure! Let's break it down further and verify each step:

1. **Initial number of apples**:
   - Xiao Ming has 3 apples.
   - Xiao Hong has 2 more apples than Xiao Ming.
     \[
     \text{Number of app...",4
2026-07-14_14-42-19,双模型交替执行,14,Xiao Ming has 3 apples. Xiao Hong has 2 more apples than Xiao Ming. Xiao Hua has...,2026-07-14 14:41:31,2026-07-14 14:42:19,48.102,618.9,,2477.02,False,,none,1,[0.996],0,"Sure! Let's break down the problem step by step:

1. **Initial number of apples:**
   - Xiao Ming has 3 apples.
   
2. **Number of apples Xiao Hong has:**
   - Xiao Hong has 2 more apples than Xiao Mi...",4
2026-07-14_14-45-18,双模型交替执行,15,Xiao Ming has 3 apples. Xiao Hong has 2 more apples than Xiao Ming. Xiao Hua has...,2026-07-14 14:42:19,2026-07-14 14:45:18,179.1991,464.0,,2472.02,False,,none,3,"[0.977, 0.973, 0.941]",0,"To determine how many apples Xiao Ming has now, we will follow the logical steps and calculations outlined in the reference solution:

1. **Initial number of apples**:
   - Xiao Ming starts with 3 app...",4
2026-07-14_14-46-07,双模型交替执行,16,Xiao Ming has 3 apples. Xiao Hong has 2 more apples than Xiao Ming. Xiao Hua has...,2026-07-14 14:45:18,2026-07-14 14:46:07,48.8928,588.8,,2471.62,True,静默跳跃-无害型,low,1,[0.98],0,"To determine how many apples Xiao Ming has after receiving an apple from Xiao Hua, we can follow these steps:

1. Identify the initial number of apples Xiao Ming has:
   \[
   \text{Initial apples for...",4
2026-07-14_14-46-49,双模型交替执行,17,Xiao Ming has 3 apples. Xiao Hong has 2 more apples than Xiao Ming. Xiao Hua has...,2026-07-14 14:46:07,2026-07-14 14:46:49,42.2235,466.1,,2468.68,True,静默跳跃-无害型,low,1,[0.996],0,"Certainly! Let's break down the solution step-by-step using the reference method:

1. **Initial number of apples:**
   - Xiao Ming starts with 3 apples.

2. **Apples Xiao Hong has:**
   - Xiao Hong ha...",4
2026-07-14_14-47-36,双模型交替执行,18,Xiao Ming has 3 apples. Xiao Hong has 2 more apples than Xiao Ming. Xiao Hua has...,2026-07-14 14:46:49,2026-07-14 14:47:36,46.3841,621.6,,2471.84,False,,none,1,[0.996],0,"Sure, let's walk through the problem step by step based on the reference solution:

1. **Initial number of apples**:
   - Xiao Ming starts with 3 apples.
   - Xiao Hong has 2 more apples than Xiao Min...",4
2026-07-14_14-48-24,双模型交替执行,19,Xiao Ming has 3 apples. Xiao Hong has 2 more apples than Xiao Ming. Xiao Hua has...,2026-07-14 14:47:36,2026-07-14 14:48:24,48.2101,465.5,,2471.65,False,,none,1,[0.988],0,"Let's break down the steps in detail:

1. **Initial number of apples**:
   - Xiao Ming starts with 3 apples.

2. **Number of apples Xiao Hong has**:
   - Xiao Hong has 2 more apples than Xiao Ming.
  ...",4
2026-07-14_14-49-13,双模型交替执行,20,Xiao Ming has 3 apples. Xiao Hong has 2 more apples than Xiao Ming. Xiao Hua has...,2026-07-14 14:48:24,2026-07-14 14:49:13,49.4356,464.3,,2471.86,False,,none,1,[0.969],0,"Sure! Let's break down the problem step by step:

1. **Initial number of apples**: Xiao Ming has 3 apples.
2. **Apples for Xiao Hong**: Xiao Hong has 2 more apples than Xiao Ming.
   \[
   \text{Apple...",4
