timestamp,stage,question_index,question_text,start_time,end_time,duration_seconds,cpu_before,cpu_peak,memory_used_mb,has_error,error_types,severity,rounds,alignments,rollback_enabled,final_response,answer
2026-07-15_12-30-30,双模型交替_回看关闭,1,Xiao Ming has 3 apples. Xiao Hong has 2 more apples than Xiao Ming. Xiao Hua has...,2026-07-15 12:29:51,2026-07-15 12:30:30,39.0125,0.0,,2479.75,True,静默跳跃-无害型,low,1,[0.988],False,"Sure! Let's break it down step by step:

1. **Initial Number of Apples**:
   - Xiao Ming starts with 3 apples.

2. **Apples for Xiao Hong**:
   - Xiao Hong has 2 more apples than Xiao Ming.
   - There...",4
2026-07-15_12-31-21,双模型交替_回看关闭,2,Xiao Ming has 3 apples. Xiao Hong has 2 more apples than Xiao Ming. Xiao Hua has...,2026-07-15 12:30:30,2026-07-15 12:31:21,51.3353,620.3,,2483.9,False,,none,1,[1.0],False,"Certainly! Here's the step-by-step process followed in the reference solution:

1. **Initial Number of Apples:**
   - Xiao Ming starts with 3 apples.

2. **Number of Apples Xiao Hong Has:**
   - Xiao ...",4
2026-07-15_12-32-24,双模型交替_回看关闭,3,Xiao Ming has 3 apples. Xiao Hong has 2 more apples than Xiao Ming. Xiao Hua has...,2026-07-15 12:31:21,2026-07-15 12:32:24,62.6636,466.5,,2484.78,False,,none,1,[0.957],False,"Certainly! Let's break down the steps clearly:

1. **Initial Apples:**
   - Xiao Ming starts with 3 apples.

2. **Apples for Xiao Hong:**
   - Xiao Hong has 2 more apples than Xiao Ming.
   - Therefor...",4
2026-07-15_12-32-55,双模型交替_回看关闭,4,Xiao Ming has 3 apples. Xiao Hong has 2 more apples than Xiao Ming. Xiao Hua has...,2026-07-15 12:32:24,2026-07-15 12:32:55,31.1811,463.8,,2481.44,True,静默跳跃-无害型,low,1,[0.992],False,"To determine how many apples Xiao Ming has now, let's go through the steps carefully:

1. **Initial Number of Apples:**
   - Xiao Ming starts with 3 apples.

2. **Apples Given to Xiao Ming:**
   - Xia...",4
2026-07-15_12-33-51,双模型交替_回看关闭,5,Xiao Ming has 3 apples. Xiao Hong has 2 more apples than Xiao Ming. Xiao Hua has...,2026-07-15 12:32:55,2026-07-15 12:33:51,55.7649,466.2,,2485.38,False,,none,1,[0.996],False,"Certainly! Here’s how you can solve this problem using the reference solution method:

### Step-by-Step Solution:

1. **Initial Setup:**
   - Xiao Ming starts with 3 apples.
   - Xiao Hong has 2 more ...",4
2026-07-15_12-35-25,双模型交替_回看关闭,6,Xiao Ming has 3 apples. Xiao Hong has 2 more apples than Xiao Ming. Xiao Hua has...,2026-07-15 12:33:51,2026-07-15 12:35:25,94.0588,468.1,,2485.31,False,,none,2,"[0.98, 0.996]",False,"To solve this problem step by step, let's break down the information given and apply it logically:

1. **Initial Quantities:**
   - Xiao Ming has 3 apples.
   - Xiao Hong has 2 more apples than Xiao M...",4
2026-07-15_12-36-15,双模型交替_回看关闭,7,Xiao Ming has 3 apples. Xiao Hong has 2 more apples than Xiao Ming. Xiao Hua has...,2026-07-15 12:35:25,2026-07-15 12:36:15,49.5448,436.4,,2485.8,False,,none,1,[0.965],False,"To determine how many apples Xiao Ming has now after giving 1 apple to Xiao Hong, follow these steps:

1. **Initial number of apples**: Xiao Ming starts with 3 apples.
2. **Apples given to Xiao Hong**...",4
2026-07-15_12-37-11,双模型交替_回看关闭,8,Xiao Ming has 3 apples. Xiao Hong has 2 more apples than Xiao Ming. Xiao Hua has...,2026-07-15 12:36:15,2026-07-15 12:37:11,56.8479,621.9,,2485.53,False,,none,1,[0.973],False,"To determine how many apples Xiao Ming has now, let's break down the problem step by step:

1. **Initial Number of Apples:**
   - Xiao Ming starts with 3 apples.

2. **Apples for Xiao Hong:**
   - Xia...",4
2026-07-15_12-38-08,双模型交替_回看关闭,9,Xiao Ming has 3 apples. Xiao Hong has 2 more apples than Xiao Ming. Xiao Hua has...,2026-07-15 12:37:12,2026-07-15 12:38:08,56.4507,464.2,,2485.48,False,,none,1,[0.996],False,"Let's break down the problem step by step using algebraic expressions:

1. **Initial number of apples:**
   - Xiao Ming has 3 apples.

2. **Apples for Xiao Hong:**
   - Xiao Hong has 2 more apples tha...",4
2026-07-15_12-39-10,双模型交替_回看关闭,10,Xiao Ming has 3 apples. Xiao Hong has 2 more apples than Xiao Ming. Xiao Hua has...,2026-07-15 12:38:08,2026-07-15 12:39:10,61.8051,466.3,,2486.07,False,,none,1,[0.965],False,"To solve the problem, let's break it down into clear steps and verify each one using Python code.

1. **Initial Apples for Each Person:**
   - Xiao Ming: 3 apples
   - Xiao Hong: \(3 + 2 = 5\) apples
...",4
2026-07-15_12-39-57,双模型交替_回看关闭,11,Xiao Ming has 3 apples. Xiao Hong has 2 more apples than Xiao Ming. Xiao Hua has...,2026-07-15 12:39:10,2026-07-15 12:39:57,47.3234,467.7,,2486.25,False,,none,1,[0.996],False,"Certainly! Let's break down the problem step-by-step and use the reference solution method to find the answer.

### Step-by-Step Solution

1. **Initial number of apples:**
   - Xiao Ming starts with 3...",4
2026-07-15_12-40-44,双模型交替_回看关闭,12,Xiao Ming has 3 apples. Xiao Hong has 2 more apples than Xiao Ming. Xiao Hua has...,2026-07-15 12:39:57,2026-07-15 12:40:44,46.7063,465.6,,2485.16,False,,none,1,[0.961],False,"To determine how many apples Xiao Ming has after receiving one from Xiao Hua, let's follow these steps:

1. **Initial number of apples**: Xiao Ming starts with 3 apples.
   
2. **Apples for Xiao Hong*...",4
2026-07-15_12-41-56,双模型交替_回看关闭,13,Xiao Ming has 3 apples. Xiao Hong has 2 more apples than Xiao Ming. Xiao Hua has...,2026-07-15 12:40:44,2026-07-15 12:41:56,72.0435,466.7,,2488.71,False,,none,1,[0.992],False,"Certainly! Let's break down the problem and solve it step-by-step using algebraic reasoning.

1. **Initial Number of Apples:**
   - Xiao Ming starts with 3 apples.

2. **Apples for Xiao Hong:**
   - X...",4
2026-07-15_12-43-21,双模型交替_回看关闭,14,Xiao Ming has 3 apples. Xiao Hong has 2 more apples than Xiao Ming. Xiao Hua has...,2026-07-15 12:41:56,2026-07-15 12:43:21,84.8819,467.4,,2499.5,False,,none,1,[0.938],False,"To determine how many apples Xiao Ming has after giving 1 apple to Xiao Hong, follow these steps:

1. **Initial Number of Apples:**
   - Xiao Ming: 3 apples
   - Xiao Hong: 5 apples

2. **Calculate In...",4
2026-07-15_12-44-07,双模型交替_回看关闭,15,Xiao Ming has 3 apples. Xiao Hong has 2 more apples than Xiao Ming. Xiao Hua has...,2026-07-15 12:43:21,2026-07-15 12:44:07,45.5467,621.4,,2490.58,False,,none,1,[0.996],False,"Certainly! Here’s a step-by-step breakdown:

1. **Initial number of apples:**
   - Xiao Ming has 3 apples.
   
2. **Number of apples Xiao Hong has:**
   - Xiao Hong has 2 more apples than Xiao Ming.
 ...",4
2026-07-15_12-46-06,双模型交替_回看关闭,16,Xiao Ming has 3 apples. Xiao Hong has 2 more apples than Xiao Ming. Xiao Hua has...,2026-07-15 12:44:07,2026-07-15 12:46:06,119.6552,465.4,,2487.29,True,运算方向反转,high,3,"[0.953, 0.961, 0.98]",False,"Certainly! Let's break down the problem step by step using the reference solution as a guide.

### Step-by-Step Solution:

1. **Initial Counts**:
   - Xiao Ming: 3 apples
   - Xiao Hong: 2 more apples...",wrong
2026-07-15_12-46-53,双模型交替_回看关闭,17,Xiao Ming has 3 apples. Xiao Hong has 2 more apples than Xiao Ming. Xiao Hua has...,2026-07-15 12:46:06,2026-07-15 12:46:53,47.0206,463.2,,2491.0,False,,none,1,[0.996],False,"Let's break it down and solve this step by step:

1. **Initial Apples**:
   - Xiao Ming has 3 apples.
   - Xiao Hong has 2 more apples than Xiao Ming.
     \[
     \text{Number of apples Xiao Hong has...",4
2026-07-15_12-47-39,双模型交替_回看关闭,18,Xiao Ming has 3 apples. Xiao Hong has 2 more apples than Xiao Ming. Xiao Hua has...,2026-07-15 12:46:53,2026-07-15 12:47:39,46.0387,465.3,,2490.32,False,,none,1,[0.996],False,"Certainly! Let's break down the problem and solve it systematically.

1. **Initial Number of Apples:**
   - Xiao Ming starts with 3 apples.
   - Xiao Hong has 2 more apples than Xiao Ming.
     \[
   ...",4
2026-07-15_12-48-30,双模型交替_回看关闭,19,Xiao Ming has 3 apples. Xiao Hong has 2 more apples than Xiao Ming. Xiao Hua has...,2026-07-15 12:47:40,2026-07-15 12:48:30,50.1214,621.0,,2490.89,False,,none,1,[0.992],False,"Certainly! Let's break down the problem and solve it step by step.

1. **Initial number of apples**:
   - Xiao Ming starts with 3 apples.
   
2. **Number of apples Xiao Hong has**:
   - Xiao Hong has ...",4
2026-07-15_12-49-53,双模型交替_回看关闭,20,Xiao Ming has 3 apples. Xiao Hong has 2 more apples than Xiao Ming. Xiao Hua has...,2026-07-15 12:48:30,2026-07-15 12:49:53,83.2676,556.8,,2487.95,False,,none,2,"[0.645, 0.988]",False,"Sure, let's summarize the process and ensure we arrive at the same conclusion:

1. **Initial Number of Apples**: Xiao Ming starts with 3 apples.
2. **Apples from Xiao Hong**: Xiao Hong has 2 more appl...",4
