timestamp,stage,question_index,question_text,start_time,end_time,duration_seconds,cpu_before,cpu_peak,memory_used_mb,has_error,error_types,severity,final_response,answer
2026-07-16_13-09-54,1.5B原生干扰,1,Xiao Ming has 3 apples. Xiao Hua wore a red short and gave 1 apple to Xiao Ming....,2026-07-16 13:08:34,2026-07-16 13:09:54,79.3853,0.0,,3472.29,False,,none,"Let's break down the information given:

- Xiao Ming initially has 3 apples.
- Xiao Hua gives 1 apple to Xiao Ming.

So after giving away one apple, Xiao Ming has:
\[ 3 - 1 = 2 \text{ apples} \]

Next...",4
2026-07-16_13-10-52,1.5B原生干扰,2,Xiao Ming has 3 apples. Xiao Hua wore a red short and gave 1 apple to Xiao Ming....,2026-07-16 13:09:54,2026-07-16 13:10:52,58.0597,467.9,,3464.64,False,,none,"To determine how many apples Xiao Ming has after the transactions, we will follow these steps:

1. **Initial Apples**: Xiao Ming starts with 3 apples.
2. **Apples Given Away**: Xiao Hua gives 1 apple ...",4
2026-07-16_13-11-50,1.5B原生干扰,3,Xiao Ming has 3 apples. Xiao Hua wore a red short and gave 1 apple to Xiao Ming....,2026-07-16 13:10:52,2026-07-16 13:11:50,58.3655,466.5,,3464.9,False,,none,"Let's start by determining the number of apples each person has step-by-step.

1. **Initial Number of Apples:**
   - Xiao Ming initially has 3 apples.
   - Let \( x \) be the number of apples Xiao Hon...",4
2026-07-16_13-12-48,1.5B原生干扰,4,Xiao Ming has 3 apples. Xiao Hua wore a red short and gave 1 apple to Xiao Ming....,2026-07-16 13:11:50,2026-07-16 13:12:48,58.1343,468.1,,3464.99,False,,none,"Let's break down the information given:

- Xiao Ming initially had 3 apples.
- Xiao Hua gave 1 apple to Xiao Ming.
- Xiao Hua then gave away half as many apples as Xiao Hong.

From this, we can deduce...",4
2026-07-16_13-14-02,1.5B原生干扰,5,Xiao Ming has 3 apples. Xiao Hua wore a red short and gave 1 apple to Xiao Ming....,2026-07-16 13:12:48,2026-07-16 13:14:02,73.7234,464.9,,3466.98,False,,none,"Let's break down the problem step by step:

1. **Initial number of apples**: Xiao Ming starts with 3 apples.
   \[
   \text{Xiao Ming's initial apples} = 3
   \]

2. **Apples given by Xiao Hua**: Xiao...",4
2026-07-16_13-15-13,1.5B原生干扰,6,Xiao Ming has 3 apples. Xiao Hua wore a red short and gave 1 apple to Xiao Ming....,2026-07-16 13:14:02,2026-07-16 13:15:13,70.906,622.5,,3467.23,True,静默跳跃-无害型,low,"To determine how many apples Xiao Ming has now, we will follow the steps of the problem carefully.

1. **Initial number of apples for each person:**
   - Xiao Ming starts with 3 apples.
   - Xiao Hua ...",4
2026-07-16_13-16-33,1.5B原生干扰,7,Xiao Ming has 3 apples. Xiao Hua wore a red short and gave 1 apple to Xiao Ming....,2026-07-16 13:15:13,2026-07-16 13:16:33,80.1567,468.0,,3465.46,False,,none,"To determine how many apples Xiao Ming has after the transactions described, we can follow these steps:

1. **Initial number of apples for each person:**
   - Xiao Ming starts with 3 apples.
   - Xiao...",4
2026-07-16_13-17-52,1.5B原生干扰,8,Xiao Ming has 3 apples. Xiao Hua wore a red short and gave 1 apple to Xiao Ming....,2026-07-16 13:16:33,2026-07-16 13:17:52,78.7104,464.6,,3467.35,False,,none,"Let's break down the problem step by step.

1. Initially, Xiao Ming has 3 apples.
   \[
   \text{Apples Xiao Ming has} = 3
   \]

2. Xiao Hua gives 1 apple to Xiao Ming.
   \[
   \text{Apples Xiao Min...",4
2026-07-16_13-18-49,1.5B原生干扰,9,Xiao Ming has 3 apples. Xiao Hua wore a red short and gave 1 apple to Xiao Ming....,2026-07-16 13:17:52,2026-07-16 13:18:49,57.0939,467.4,,3459.02,False,,none,"Let's break down the problem step by step:

1. Initially, Xiao Ming has 3 apples.
2. Xiao Hua gives 1 apple to Xiao Ming. So, Xiao Ming now has \(3 + 1 = 4\) apples.
3. According to the information gi...",4
2026-07-16_13-19-43,1.5B原生干扰,10,Xiao Ming has 3 apples. Xiao Hua wore a red short and gave 1 apple to Xiao Ming....,2026-07-16 13:18:49,2026-07-16 13:19:43,53.9126,433.3,,3458.67,False,,none,"Let's break down the information given step-by-step:

1. **Xiao Ming initially has 3 apples.**

2. **Xiao Hua gives 1 apple to Xiao Ming:**
   - Xiao Ming now has \(3 + 1 = 4\) apples.

3. **Xiao Hua ...",4
2026-07-16_13-20-44,1.5B原生干扰,11,Xiao Ming has 3 apples. Xiao Hua wore a red short and gave 1 apple to Xiao Ming....,2026-07-16 13:19:43,2026-07-16 13:20:44,60.6919,466.5,,3458.62,False,,none,"Let's break down the problem step-by-step:

1. Initially, Xiao Ming has 3 apples.

2. Xiao Hua gives 1 apple to Xiao Ming:
   - Xiao Ming now has: \(3 + 1 = 4\) apples.
   - Xiao Hua now has: \(0\) ap...",4
2026-07-16_13-21-39,1.5B原生干扰,12,Xiao Ming has 3 apples. Xiao Hua wore a red short and gave 1 apple to Xiao Ming....,2026-07-16 13:20:44,2026-07-16 13:21:39,54.7533,621.6,,3459.02,False,,none,"Let's break down the problem step-by-step:

1. Initially, Xiao Ming has 3 apples.

2. Xiao Hua gives 1 apple to Xiao Ming:
   - Xiao Ming: \(3 + 1 = 4\) apples.
   - Xiao Hua: \(0\) apples (since she ...",4
2026-07-16_13-22-46,1.5B原生干扰,13,Xiao Ming has 3 apples. Xiao Hua wore a red short and gave 1 apple to Xiao Ming....,2026-07-16 13:21:39,2026-07-16 13:22:46,67.2636,435.7,,3466.17,False,,none,"Let's break down the problem step by step:

1. **Initial number of apples for Xiao Ming**: 
   Xiao Ming starts with 3 apples.

2. **Apples given by Xiao Hua**:
   Xiao Hua gives 1 apple to Xiao Ming....",4
2026-07-16_13-23-41,1.5B原生干扰,14,Xiao Ming has 3 apples. Xiao Hua wore a red short and gave 1 apple to Xiao Ming....,2026-07-16 13:22:46,2026-07-16 13:23:41,55.3061,464.2,,3459.38,False,,none,"Let's break down the problem step by step:

1. Initially, Xiao Ming has 3 apples.

2. Xiao Hua gives 1 apple to Xiao Ming:
   - Xiao Ming: \(3 + 1 = 4\) apples
   - Xiao Hua: \(0\) apples

3. Now, we ...",4
2026-07-16_13-24-26,1.5B原生干扰,15,Xiao Ming has 3 apples. Xiao Hua wore a red short and gave 1 apple to Xiao Ming....,2026-07-16 13:23:41,2026-07-16 13:24:26,44.9546,464.0,,3458.51,False,,none,"Let's break down the problem step by step:

1. Initially, Xiao Ming has 3 apples.
2. Xiao Hua gives 1 apple to Xiao Ming. So, Xiao Ming now has \(3 + 1 = 4\) apples.
3. According to the information gi...",4
2026-07-16_13-25-27,1.5B原生干扰,16,Xiao Ming has 3 apples. Xiao Hua wore a red short and gave 1 apple to Xiao Ming....,2026-07-16 13:24:26,2026-07-16 13:25:27,60.7275,464.2,,3458.66,False,,none,"To determine how many apples Xiao Ming has now, let's break down the problem step by step.

1. **Initial Apples**: Xiao Ming starts with 3 apples.
   
2. **Apples Given by Xiao Hua**: Xiao Hua gives 1...",4
2026-07-16_13-27-10,1.5B原生干扰,17,Xiao Ming has 3 apples. Xiao Hua wore a red short and gave 1 apple to Xiao Ming....,2026-07-16 13:25:27,2026-07-16 13:27:10,102.4462,619.0,,3467.44,False,,none,"Let's break down the problem step by step:

1. **Initial Apples:**
   - Xiao Ming starts with 3 apples.

2. **Apples After Exchange:**
   - Xiao Hua gives 1 apple to Xiao Ming.
   - So after this exch...",4
2026-07-16_13-28-08,1.5B原生干扰,18,Xiao Ming has 3 apples. Xiao Hua wore a red short and gave 1 apple to Xiao Ming....,2026-07-16 13:27:10,2026-07-16 13:28:08,58.0041,618.7,,3456.44,False,,none,"Let's break down the problem step by step:

1. **Initial number of apples**: Xiao Ming starts with 3 apples.

2. **Apples given by Xiao Hua**:
   - Xiao Hua gives 1 apple to Xiao Ming.
   - Now Xiao M...",4
2026-07-16_13-29-30,1.5B原生干扰,19,Xiao Ming has 3 apples. Xiao Hua wore a red short and gave 1 apple to Xiao Ming....,2026-07-16 13:28:08,2026-07-16 13:29:30,81.8157,466.0,,3467.27,False,,none,"Let's break down the problem step by step:

1. **Initial Apples**: Xiao Ming starts with 3 apples.
   
2. **Apples Given by Xiao Hua**:
   - Xiao Hua gives 1 apple to Xiao Ming.

So after this exchang...",4
2026-07-16_13-31-03,1.5B原生干扰,20,Xiao Ming has 3 apples. Xiao Hua wore a red short and gave 1 apple to Xiao Ming....,2026-07-16 13:29:30,2026-07-16 13:31:03,93.8005,620.5,,3467.36,False,,none,"To determine how many apples Xiao Ming has now, we need to follow the information given step by step.

1. **Initial number of apples Xiao Ming has:**
   Xiao Ming starts with 3 apples.

2. **Apples gi...",4
